{
  "dt": 1,
  "threshold": 1.0,
  "dv": 0.04,
  "spike_amplitude": 0.4,
  "neurons": [
    {
      "input_any": [
        1,
        0,
        1,
        1,
        1,
        1,
        0,
        0,
        0,
        0,
        0,
        1,
        0,
        1,
        0,
        1
      ],
      "membrane_potential": [
        0.0,
        0.384,
        0.0,
        0.784,
        0.7225343999999999,
        0.6658877030399999,
        0.0,
        0.4,
        0.0,
        0.384,
        0.7378944,
        0.0,
        0.4,
        0.75264,
        0.0,
        0.784
      ],
      "spikes": [
        0,
        0,
        1,
        0,
        0,
        0,
        1,
        0,
        0,
        0,
        0,
        1,
        0,
        0,
        1,
        0
      ]
    },
    {
      "input_any": [
        1,
        0,
        1,
        0,
        0,
        1,
        0,
        1,
        1,
        0,
        0,
        1,
        1,
        1,
        1,
        0
      ],
      "membrane_potential": [
        0.4,
        0.76864,
        0.4,
        0.75264,
        0.6936330239999999,
        0.6392521949183999,
        0.0,
        0.384,
        0.4,
        0.76864,
        0.708378624,
        0.0,
        0.784,
        0.7225343999999999,
        0.4,
        0.0
      ],
      "spikes": [
        0,
        0,
        0,
        0,
        0,
        0,
        0,
        0,
        0,
        0,
        0,
        0,
        0,
        0,
        0,
        1
      ]
    }
  ]
}