{
  "dt": 1,
  "threshold": 1.0,
  "dv": 0.04,
  "spike_amplitude": 0.4,
  "input_spikes": [
    0,
    0,
    1,
    1,
    0,
    0,
    0,
    0,
    0,
    0,
    0,
    1,
    0,
    1,
    0,
    0
  ],
  "membrane_potential": [
    0.0,
    0.0,
    0.0,
    0.4,
    0.784,
    0.75264,
    0.7225343999999999,
    0.6936330239999999,
    0.6658877030399999,
    0.6392521949183999,
    0.6136821071216639,
    0.5891348228367973,
    0.9655694299233254,
    0.9269466527263923,
    0.0,
    0.0
  ],
  "spikes": [
    0,
    0,
    0,
    0,
    0,
    0,
    0,
    0,
    0,
    0,
    0,
    0,
    0,
    0,
    1,
    0
  ]
}