{
  "dt": 1,
  "threshold": 1.0,
  "dv": 0.04,
  "spike_amplitude": 0.4,
  "neurons": [
    {
      "input_any": [
        0,
        0,
        1,
        1,
        0,
        0,
        0,
        0,
        0,
        0,
        0,
        1,
        0,
        1,
        0,
        0,
        0,
        0,
        0,
        0,
        1,
        0,
        0,
        0,
        0,
        0,
        0,
        0,
        1,
        0,
        0,
        0
      ],
      "membrane_potential": [
        0.0,
        0.0,
        0.784,
        0.7225343999999999,
        0.6658877030399999,
        0.6136821071216639,
        0.9655694299233254,
        0.0,
        0.0,
        0.0,
        0.0,
        0.384,
        0.35389439999999994,
        0.3261490790399999,
        0.30057899124326387,
        0.661013598329792,
        0.0,
        0.0,
        0.0,
        0.0,
        0.0,
        0.0,
        0.0,
        0.384,
        0.9458944,
        0.0,
        0.384,
        0.35389439999999994,
        0.7101490790399999,
        0.6544733912432639,
        0.6031626773697919,
        0.5558747234640001
      ],
      "spikes": [
        0,
        0,
        0,
        0,
        0,
        0,
        0,
        1,
        0,
        0,
        0,
        0,
        0,
        0,
        0,
        0,
        0,
        0,
        0,
        0,
        0,
        0,
        0,
        0,
        0,
        1,
        0,
        0,
        0,
        0,
        0,
        0
      ]
    },
    {
      "input_any": [
        0,
        0,
        0,
        0,
        0,
        0,
        0,
        0,
        0,
        0,
        0,
        0,
        1,
        0,
        0,
        1,
        0,
        1,
        1,
        0,
        0,
        0,
        1,
        0,
        0,
        0,
        0,
        0,
        0,
        0,
        0,
        0
      ],
      "membrane_potential": [
        0.0,
        0.4,
        0.75264,
        0.6936330239999999,
        0.6392521949183999,
        0.5891348228367973,
        0.9269466527263923,
        0.0,
        0.0,
        0.0,
        0.4,
        0.36863999999999997,
        0.33973862399999993,
        0.3131031158783999,
        0.6885558315935334,
        0.6345730543966003,
        0.0,
        0.0,
        0.0,
        0.0,
        0.0,
        0.0,
        0.4,
        0.56864,
        0.908058624,
        0.4,
        0.36863999999999997,
        0.7397386239999999,
        0.6817431158783999,
        0.6282944555935333,
        0.5790361702750002,
        0.5336397345254401
      ],
      "spikes": [
        0,
        0,
        0,
        0,
        0,
        0,
        0,
        0,
        0,
        0,
        0,
        0,
        0,
        0,
        0,
        0,
        0,
        0,
        0,
        0,
        0,
        0,
        0,
        0,
        0,
        0,
        0,
        0,
        0,
        0,
        0,
        0
      ]
    }
  ],
  "stdp": {
    "pre_trace": [
      0.0,
      0.0,
      0.0,
      0.0,
      0.0,
      0.0,
      0.0,
      1.0,
      0.9200444146293233,
      0.8464817248906141,
      0.778800783071405,
      0.7165313105737894,
      0.6592406302004439,
      0.6065306597126335,
      0.5580351457700472,
      0.5134171190325921,
      0.4723665527410148,
      0.4345982085070783,
      0.3998496543448474,
      0.3678794411714424,
      0.33846542510674227,
      0.31140322391459774,
      0.28650479686019015,
      0.2635971381157268,
      0.24252107463564876,
      1.22313016014843,
      1.1253340722092326,
      1.035357327728176,
      0.9525747265218502,
      0.8764110566534834,
      0.8063370975934209,
      0.7418659429492465
    ],
    "post_trace": [
      0.0,
      0.0,
      0.0,
      0.0,
      0.0,
      0.0,
      0.0,
      0.0,
      0.0,
      0.0,
      0.0,
      0.0,
      0.0,
      0.0,
      0.0,
      0.0,
      0.0,
      0.0,
      0.0,
      0.0,
      0.0,
      0.0,
      0.0,
      0.0,
      0.0,
      0.0,
      0.0,
      0.0,
      0.0,
      0.0,
      0.0,
      0.0
    ],
    "weight": [
      0.0,
      0.0,
      0.0,
      0.0,
      0.0,
      0.0,
      0.0,
      0.0,
      0.0,
      0.0,
      0.0,
      0.0,
      0.0,
      0.0,
      0.0,
      0.0,
      0.2,
      0.2,
      0.2,
      0.2,
      0.2,
      0.2,
      0.2,
      0.2,
      0.0,
      0.0,
      0.0,
      0.0,
      0.0,
      0.0,
      0.0,
      0.0
    ]
  }
}